-- phpMyAdmin SQL Dump
-- version 5.0.2
-- https://www.phpmyadmin.net/
--
-- Hôte : 127.0.0.1:3306
-- Généré le : ven. 15 jan. 2021 à 19:28
-- Version du serveur :  5.7.31
-- Version de PHP : 7.3.21

SET SQL_MODE = "NO_AUTO_VALUE_ON_ZERO";
START TRANSACTION;
SET time_zone = "+00:00";


/*!40101 SET @OLD_CHARACTER_SET_CLIENT=@@CHARACTER_SET_CLIENT */;
/*!40101 SET @OLD_CHARACTER_SET_RESULTS=@@CHARACTER_SET_RESULTS */;
/*!40101 SET @OLD_COLLATION_CONNECTION=@@COLLATION_CONNECTION */;
/*!40101 SET NAMES utf8mb4 */;

--
-- Base de données : `db_gs`
--

-- --------------------------------------------------------

--
-- Structure de la table `annee_scolaire`
--

DROP TABLE IF EXISTS `annee_scolaire`;
CREATE TABLE IF NOT EXISTS `annee_scolaire` (
  `id_AS` int(2) NOT NULL AUTO_INCREMENT,
  `design` varchar(9) NOT NULL,
  PRIMARY KEY (`id_AS`)
) ENGINE=MyISAM AUTO_INCREMENT=2 DEFAULT CHARSET=latin1;

--
-- Déchargement des données de la table `annee_scolaire`
--

INSERT INTO `annee_scolaire` (`id_AS`, `design`) VALUES
(1, '2020-2021');

-- --------------------------------------------------------

--
-- Structure de la table `appartenir`
--

DROP TABLE IF EXISTS `appartenir`;
CREATE TABLE IF NOT EXISTS `appartenir` (
  `Matricule` int(4) NOT NULL,
  `id_AS` int(2) NOT NULL,
  `id_Classe` int(2) NOT NULL,
  `Numero` int(2) NOT NULL,
  PRIMARY KEY (`Matricule`,`id_AS`,`id_Classe`)
) ENGINE=MyISAM DEFAULT CHARSET=latin1;

--
-- Déchargement des données de la table `appartenir`
--

INSERT INTO `appartenir` (`Matricule`, `id_AS`, `id_Classe`, `Numero`) VALUES
(2538, 1, 1, 1),
(2539, 1, 1, 2),
(2540, 1, 1, 3),
(2541, 1, 1, 4),
(2542, 1, 1, 5),
(2543, 1, 1, 6),
(2544, 1, 1, 7),
(2545, 1, 1, 8),
(2546, 1, 1, 9),
(2547, 1, 1, 10),
(2548, 1, 1, 11),
(2549, 1, 1, 12),
(2550, 1, 1, 13),
(2551, 1, 1, 14),
(2552, 1, 1, 15),
(2553, 1, 1, 16),
(2554, 1, 1, 17),
(2555, 1, 1, 18),
(2556, 1, 1, 19),
(2557, 1, 1, 20),
(2558, 1, 1, 21),
(2559, 1, 1, 22),
(2560, 1, 1, 23),
(2561, 1, 1, 24),
(2562, 1, 1, 25),
(2563, 1, 1, 26),
(2564, 1, 1, 27),
(2565, 1, 1, 28),
(2566, 1, 1, 29),
(2567, 1, 1, 30),
(2568, 1, 1, 31),
(2569, 1, 1, 32),
(2570, 1, 1, 33),
(2571, 1, 1, 34),
(2572, 1, 1, 35),
(2573, 1, 1, 36),
(2574, 1, 1, 37),
(2575, 1, 1, 38),
(2576, 1, 1, 39),
(2577, 1, 1, 40),
(2578, 1, 1, 41),
(2579, 1, 1, 42),
(2580, 1, 1, 43),
(2581, 1, 1, 44),
(2582, 1, 1, 45),
(2583, 1, 1, 46),
(2584, 1, 1, 47),
(2585, 1, 1, 48),
(2586, 1, 1, 49),
(2587, 1, 1, 50),
(2588, 1, 1, 51),
(2485, 1, 2, 1),
(2486, 1, 2, 2),
(2487, 1, 2, 3),
(2488, 1, 2, 4),
(2489, 1, 2, 5),
(2490, 1, 2, 6),
(2491, 1, 2, 7),
(2492, 1, 2, 8),
(2493, 1, 2, 9),
(2494, 1, 2, 10),
(2495, 1, 2, 11),
(2496, 1, 2, 12),
(2497, 1, 2, 13),
(2498, 1, 2, 14),
(2499, 1, 2, 15),
(2500, 1, 2, 16),
(2501, 1, 2, 17),
(2502, 1, 2, 18),
(2503, 1, 2, 19),
(2504, 1, 2, 20),
(2505, 1, 2, 21),
(2506, 1, 2, 22),
(2507, 1, 2, 23),
(2508, 1, 2, 24),
(2509, 1, 2, 25),
(2510, 1, 2, 26),
(2511, 1, 2, 27),
(2512, 1, 2, 28),
(2513, 1, 2, 29),
(2514, 1, 2, 30),
(2515, 1, 2, 31),
(2516, 1, 2, 32),
(2517, 1, 2, 33),
(2518, 1, 2, 34),
(2519, 1, 2, 35),
(2520, 1, 2, 36),
(2521, 1, 2, 37),
(2522, 1, 2, 38),
(2523, 1, 2, 39),
(2524, 1, 2, 40),
(2525, 1, 2, 41),
(2526, 1, 2, 42),
(2527, 1, 2, 43),
(2528, 1, 2, 44),
(2529, 1, 2, 45),
(2530, 1, 2, 46),
(2531, 1, 2, 47),
(2532, 1, 2, 48),
(2533, 1, 2, 49),
(2534, 1, 2, 50),
(2535, 1, 2, 51),
(2536, 1, 2, 52),
(2537, 1, 2, 53),
(2433, 1, 3, 1),
(2434, 1, 3, 2),
(2435, 1, 3, 3),
(2436, 1, 3, 4),
(2437, 1, 3, 5),
(2438, 1, 3, 6),
(2439, 1, 3, 7),
(2440, 1, 3, 8),
(2441, 1, 3, 9),
(2442, 1, 3, 10),
(2443, 1, 3, 11),
(2444, 1, 3, 12),
(2445, 1, 3, 13),
(2446, 1, 3, 14),
(2447, 1, 3, 15),
(2448, 1, 3, 16),
(2449, 1, 3, 17),
(2450, 1, 3, 18),
(2451, 1, 3, 19),
(2452, 1, 3, 20),
(2453, 1, 3, 21),
(2454, 1, 3, 22),
(2455, 1, 3, 23),
(2456, 1, 3, 24),
(2457, 1, 3, 25),
(2458, 1, 3, 26),
(2459, 1, 3, 27),
(2460, 1, 3, 28),
(2461, 1, 3, 29),
(2462, 1, 3, 30),
(2463, 1, 3, 31),
(2464, 1, 3, 32),
(2465, 1, 3, 33),
(2466, 1, 3, 34),
(2467, 1, 3, 35),
(2468, 1, 3, 36),
(2469, 1, 3, 37),
(2470, 1, 3, 38),
(2471, 1, 3, 39),
(2472, 1, 3, 40),
(2473, 1, 3, 41),
(2474, 1, 3, 42),
(2475, 1, 3, 43),
(2476, 1, 3, 44),
(2477, 1, 3, 45),
(2478, 1, 3, 46),
(2479, 1, 3, 47),
(2480, 1, 3, 48),
(2481, 1, 3, 49),
(2482, 1, 3, 50),
(2483, 1, 3, 51),
(2484, 1, 3, 52),
(2380, 1, 4, 1),
(2381, 1, 4, 2),
(2382, 1, 4, 3),
(2383, 1, 4, 4),
(2384, 1, 4, 5),
(2385, 1, 4, 6),
(2386, 1, 4, 7),
(2387, 1, 4, 8),
(2388, 1, 4, 9),
(2389, 1, 4, 10),
(2390, 1, 4, 11),
(2391, 1, 4, 12),
(2392, 1, 4, 13),
(2393, 1, 4, 14),
(2394, 1, 4, 15),
(2395, 1, 4, 16),
(2396, 1, 4, 17),
(2397, 1, 4, 18),
(2398, 1, 4, 19),
(2399, 1, 4, 20),
(2400, 1, 4, 21),
(2401, 1, 4, 22),
(2402, 1, 4, 23),
(2403, 1, 4, 24),
(2404, 1, 4, 25),
(2405, 1, 4, 26),
(2406, 1, 4, 27),
(2407, 1, 4, 28),
(2408, 1, 4, 29),
(2409, 1, 4, 30),
(2410, 1, 4, 31),
(2411, 1, 4, 32),
(2412, 1, 4, 33),
(2413, 1, 4, 34),
(2414, 1, 4, 35),
(2415, 1, 4, 36),
(2416, 1, 4, 37),
(2417, 1, 4, 38),
(2418, 1, 4, 39),
(2419, 1, 4, 40),
(2420, 1, 4, 41),
(2421, 1, 4, 42),
(2422, 1, 4, 43),
(2423, 1, 4, 44),
(2424, 1, 4, 45),
(2425, 1, 4, 46),
(2426, 1, 4, 47),
(2427, 1, 4, 48),
(2428, 1, 4, 49),
(2429, 1, 4, 50),
(2430, 1, 4, 51),
(2431, 1, 4, 52),
(2432, 1, 4, 53),
(2285, 1, 5, 1),
(1971, 1, 5, 2),
(2207, 1, 5, 3),
(2287, 1, 5, 4),
(2288, 1, 5, 5),
(2376, 1, 5, 6),
(2244, 1, 5, 7),
(1979, 1, 5, 8),
(2245, 1, 5, 9),
(2246, 1, 5, 10),
(2099, 1, 5, 11),
(2247, 1, 5, 12),
(2289, 1, 5, 13),
(2248, 1, 5, 14),
(2290, 1, 5, 15),
(2292, 1, 5, 16),
(2250, 1, 5, 17),
(2251, 1, 5, 18),
(2293, 1, 5, 19),
(2252, 1, 5, 20),
(2253, 1, 5, 21),
(2254, 1, 5, 22),
(2295, 1, 5, 23),
(2296, 1, 5, 24),
(2297, 1, 5, 25),
(2255, 1, 5, 26),
(2256, 1, 5, 27),
(2220, 1, 5, 28),
(2258, 1, 5, 29),
(2340, 1, 5, 30),
(2259, 1, 5, 31),
(2202, 1, 5, 32),
(2260, 1, 5, 33),
(2261, 1, 5, 34),
(2262, 1, 5, 35),
(2304, 1, 5, 36),
(2377, 1, 5, 37),
(1996, 1, 5, 38),
(2343, 1, 5, 39),
(2310, 1, 5, 40),
(2268, 1, 5, 41),
(2312, 1, 5, 42),
(2337, 1, 5, 43),
(2315, 1, 5, 44),
(2317, 1, 5, 45),
(2271, 1, 5, 46),
(2318, 1, 5, 47),
(2231, 1, 5, 48),
(2062, 1, 5, 49),
(2273, 1, 5, 50),
(2320, 1, 5, 51),
(2005, 1, 5, 52),
(2275, 1, 5, 53),
(2276, 1, 5, 54),
(2322, 1, 5, 55),
(2378, 1, 5, 56),
(2277, 1, 5, 57),
(2232, 1, 5, 58),
(2279, 1, 5, 59),
(2067, 1, 5, 60),
(2280, 1, 5, 61),
(2323, 1, 5, 62),
(2348, 1, 5, 63),
(2324, 1, 5, 64),
(2281, 1, 5, 65),
(2239, 1, 5, 66),
(2283, 1, 5, 67),
(2325, 1, 5, 68),
(2328, 1, 5, 69),
(2330, 1, 5, 70),
(2284, 1, 5, 71),
(2371, 1, 6, 1),
(2206, 1, 6, 2),
(2241, 1, 6, 3),
(2028, 1, 6, 4),
(2372, 1, 6, 5),
(2373, 1, 6, 6),
(2286, 1, 6, 7),
(2208, 1, 6, 8),
(2209, 1, 6, 9),
(2210, 1, 6, 10),
(2211, 1, 6, 11),
(2212, 1, 6, 12),
(2030, 1, 6, 13),
(2213, 1, 6, 14),
(2214, 1, 6, 15),
(2215, 1, 6, 16),
(2216, 1, 6, 17),
(2217, 1, 6, 18),
(2249, 1, 6, 19),
(2218, 1, 6, 20),
(2294, 1, 6, 21),
(2298, 1, 6, 22),
(2219, 1, 6, 23),
(2257, 1, 6, 24),
(2374, 1, 6, 25),
(2299, 1, 6, 26),
(2222, 1, 6, 27),
(2300, 1, 6, 28),
(2223, 1, 6, 29),
(2301, 1, 6, 30),
(2224, 1, 6, 31),
(2225, 1, 6, 32),
(2302, 1, 6, 33),
(2303, 1, 6, 34),
(2305, 1, 6, 35),
(2306, 1, 6, 36),
(2263, 1, 6, 37),
(2307, 1, 6, 38),
(2226, 1, 6, 39),
(2308, 1, 6, 40),
(2227, 1, 6, 41),
(2344, 1, 6, 42),
(2309, 1, 6, 43),
(2264, 1, 6, 44),
(2265, 1, 6, 45),
(2266, 1, 6, 46),
(2311, 1, 6, 47),
(2267, 1, 6, 48),
(2375, 1, 6, 49),
(1998, 1, 6, 50),
(2230, 1, 6, 51),
(2314, 1, 6, 52),
(2313, 1, 6, 53),
(2316, 1, 6, 54),
(2272, 1, 6, 55),
(2321, 1, 6, 56),
(2345, 1, 6, 57),
(2233, 1, 6, 58),
(2278, 1, 6, 59),
(2234, 1, 6, 60),
(2235, 1, 6, 61),
(2282, 1, 6, 62),
(2352, 1, 6, 63),
(2238, 1, 6, 64),
(2240, 1, 6, 65),
(2326, 1, 6, 66),
(2332, 1, 6, 67),
(2333, 1, 6, 68),
(2334, 1, 6, 69),
(1970, 1, 7, 1),
(2089, 1, 7, 2),
(2035, 1, 7, 3),
(2093, 1, 7, 4),
(1975, 1, 7, 5),
(1977, 1, 7, 6),
(1978, 1, 7, 7),
(2183, 1, 7, 8),
(1981, 1, 7, 9),
(2098, 1, 7, 10),
(2031, 1, 7, 11),
(2036, 1, 7, 12),
(2042, 1, 7, 13),
(2043, 1, 7, 14),
(2105, 1, 7, 15),
(2049, 1, 7, 16),
(2050, 1, 7, 17),
(2379, 1, 7, 18),
(2370, 1, 7, 19),
(2110, 1, 7, 20),
(1994, 1, 7, 21),
(1997, 1, 7, 22),
(2191, 1, 7, 23),
(2121, 1, 7, 24),
(2192, 1, 7, 25),
(1870, 1, 7, 26),
(2193, 1, 7, 27),
(2126, 1, 7, 28),
(2060, 1, 7, 29),
(2003, 1, 7, 30),
(2194, 1, 7, 31),
(2196, 1, 7, 32),
(2131, 1, 7, 33),
(2197, 1, 7, 34),
(2135, 1, 7, 35),
(2066, 1, 7, 36),
(2008, 1, 7, 37),
(2009, 1, 7, 38),
(2199, 1, 7, 39),
(2200, 1, 7, 40),
(1885, 1, 7, 41),
(2072, 1, 7, 42),
(2073, 1, 7, 43),
(2013, 1, 7, 44),
(2075, 1, 7, 45),
(2076, 1, 7, 46),
(2014, 1, 7, 47),
(2145, 1, 7, 48),
(2023, 1, 7, 49),
(2086, 1, 7, 50),
(2087, 1, 7, 51),
(2026, 1, 8, 1),
(2027, 1, 8, 2),
(1973, 1, 8, 3),
(2091, 1, 8, 4),
(2092, 1, 8, 5),
(2363, 1, 8, 6),
(2032, 1, 8, 7),
(2037, 1, 8, 8),
(1986, 1, 8, 9),
(2040, 1, 8, 10),
(2045, 1, 8, 11),
(2104, 1, 8, 12),
(1745, 1, 8, 13),
(2046, 1, 8, 14),
(1988, 1, 8, 15),
(2048, 1, 8, 16),
(2153, 1, 8, 17),
(2364, 1, 8, 18),
(2051, 1, 8, 19),
(2187, 1, 8, 20),
(2108, 1, 8, 21),
(2054, 1, 8, 22),
(2055, 1, 8, 23),
(2365, 1, 8, 24),
(2189, 1, 8, 25),
(2190, 1, 8, 26),
(2057, 1, 8, 27),
(2058, 1, 8, 28),
(2366, 1, 8, 29),
(2059, 1, 8, 30),
(2128, 1, 8, 31),
(2129, 1, 8, 32),
(2065, 1, 8, 33),
(2007, 1, 8, 34),
(2010, 1, 8, 35),
(2138, 1, 8, 36),
(2068, 1, 8, 37),
(2012, 1, 8, 38),
(2205, 1, 8, 39),
(2069, 1, 8, 40),
(2077, 1, 8, 41),
(2020, 1, 8, 42),
(2080, 1, 8, 43),
(2082, 1, 8, 44),
(2083, 1, 8, 45),
(2367, 1, 8, 46),
(2368, 1, 8, 47),
(2369, 1, 8, 48),
(2152, 1, 8, 49),
(2181, 1, 9, 1),
(2088, 1, 9, 2),
(2090, 1, 9, 3),
(2029, 1, 9, 4),
(2095, 1, 9, 5),
(2096, 1, 9, 6),
(2100, 1, 9, 7),
(2184, 1, 9, 8),
(2033, 1, 9, 9),
(2101, 1, 9, 10),
(1984, 1, 9, 11),
(2102, 1, 9, 12),
(2038, 1, 9, 13),
(2039, 1, 9, 14),
(2041, 1, 9, 15),
(2116, 1, 9, 16),
(2106, 1, 9, 17),
(2107, 1, 9, 18),
(2052, 1, 9, 19),
(1993, 1, 9, 20),
(2109, 1, 9, 21),
(2111, 1, 9, 22),
(2113, 1, 9, 23),
(2114, 1, 9, 24),
(2115, 1, 9, 25),
(2118, 1, 9, 26),
(2119, 1, 9, 27),
(2120, 1, 9, 28),
(2122, 1, 9, 29),
(2123, 1, 9, 30),
(2125, 1, 9, 31),
(2127, 1, 9, 32),
(2195, 1, 9, 33),
(2063, 1, 9, 34),
(2132, 1, 9, 35),
(2203, 1, 9, 36),
(2133, 1, 9, 37),
(2134, 1, 9, 38),
(2064, 1, 9, 39),
(2204, 1, 9, 40),
(2136, 1, 9, 41),
(2137, 1, 9, 42),
(2139, 1, 9, 43),
(2141, 1, 9, 44),
(2074, 1, 9, 45),
(2016, 1, 9, 46),
(2143, 1, 9, 47),
(2144, 1, 9, 48),
(2081, 1, 9, 49),
(2146, 1, 9, 50),
(2021, 1, 9, 51),
(2022, 1, 9, 52),
(2084, 1, 9, 53),
(2148, 1, 9, 54),
(2149, 1, 9, 55),
(2150, 1, 9, 56),
(2151, 1, 9, 57);

-- --------------------------------------------------------

--
-- Structure de la table `autres`
--

DROP TABLE IF EXISTS `autres`;
CREATE TABLE IF NOT EXISTS `autres` (
  `id_Autres` int(11) NOT NULL AUTO_INCREMENT,
  `Libelle_A` varchar(30) NOT NULL,
  `Montant` double(7,2) NOT NULL,
  PRIMARY KEY (`id_Autres`)
) ENGINE=MyISAM AUTO_INCREMENT=3 DEFAULT CHARSET=latin1;

--
-- Déchargement des données de la table `autres`
--

INSERT INTO `autres` (`id_Autres`, `Libelle_A`, `Montant`) VALUES
(1, 'Construction', 10000.00),
(2, 'Subvention', 15000.00);

-- --------------------------------------------------------

--
-- Structure de la table `caisse`
--

DROP TABLE IF EXISTS `caisse`;
CREATE TABLE IF NOT EXISTS `caisse` (
  `id_HS` int(11) NOT NULL AUTO_INCREMENT,
  `id_AS` int(2) NOT NULL,
  `Num_Matr` int(5) NOT NULL,
  `Paiment` varchar(255) NOT NULL,
  `Date` date NOT NULL,
  `Vola` double(11,2) NOT NULL,
  PRIMARY KEY (`id_HS`)
) ENGINE=MyISAM DEFAULT CHARSET=latin1;

-- --------------------------------------------------------

--
-- Structure de la table `classe`
--

DROP TABLE IF EXISTS `classe`;
CREATE TABLE IF NOT EXISTS `classe` (
  `id_classe` int(2) NOT NULL AUTO_INCREMENT,
  `id_Niv` int(1) NOT NULL,
  `Label_C` varchar(100) NOT NULL,
  PRIMARY KEY (`id_classe`,`id_Niv`)
) ENGINE=MyISAM AUTO_INCREMENT=14 DEFAULT CHARSET=latin1;

--
-- Déchargement des données de la table `classe`
--

INSERT INTO `classe` (`id_classe`, `id_Niv`, `Label_C`) VALUES
(1, 1, 'Seconde 1'),
(2, 1, 'Seconde 2'),
(3, 1, 'Seconde 3'),
(4, 1, 'Seconde 4'),
(5, 2, 'Première S 1'),
(6, 2, 'Première S 2'),
(7, 3, 'Terminale L 1'),
(8, 3, 'Terminale L 2'),
(9, 3, 'Terminale S');

-- --------------------------------------------------------

--
-- Structure de la table `droit`
--

DROP TABLE IF EXISTS `droit`;
CREATE TABLE IF NOT EXISTS `droit` (
  `id_droit` int(2) NOT NULL AUTO_INCREMENT,
  `Id_Niv` int(11) NOT NULL,
  `id_AS` int(11) NOT NULL,
  `Ancien` enum('true','false') NOT NULL,
  `Label_D` varchar(100) NOT NULL,
  `Montant` double(8,2) NOT NULL,
  PRIMARY KEY (`id_droit`)
) ENGINE=MyISAM AUTO_INCREMENT=7 DEFAULT CHARSET=latin1;

--
-- Déchargement des données de la table `droit`
--

INSERT INTO `droit` (`id_droit`, `Id_Niv`, `id_AS`, `Ancien`, `Label_D`, `Montant`) VALUES
(1, 1, 2, 'false', 'VAOVAO Seconde', 65000.00),
(2, 1, 2, 'true', 'TRANAINY Seconde', 60000.00),
(3, 2, 2, 'false', 'VAOVAO Premiere', 65000.00),
(4, 2, 2, 'true', 'TRANAINY Premiere', 60000.00),
(5, 3, 2, 'false', 'VAOVAO Terminale', 73000.00),
(6, 3, 2, 'true', 'TRANAINY Terminale', 68000.00);

-- --------------------------------------------------------

--
-- Structure de la table `ecolage`
--

DROP TABLE IF EXISTS `ecolage`;
CREATE TABLE IF NOT EXISTS `ecolage` (
  `id_Eco` int(2) NOT NULL AUTO_INCREMENT,
  `Libelle_Eco` varchar(50) NOT NULL,
  PRIMARY KEY (`id_Eco`)
) ENGINE=MyISAM AUTO_INCREMENT=12 DEFAULT CHARSET=latin1;

--
-- Déchargement des données de la table `ecolage`
--

INSERT INTO `ecolage` (`id_Eco`, `Libelle_Eco`) VALUES
(1, 'Octobre'),
(2, 'Novembre'),
(3, 'Decembre'),
(4, 'Janvier'),
(5, 'Fevrier'),
(6, 'Mars'),
(7, 'Avril'),
(8, 'Mai'),
(9, 'Juin'),
(10, 'Juillet'),
(11, 'Aout');

-- --------------------------------------------------------

--
-- Structure de la table `etudiant`
--

DROP TABLE IF EXISTS `etudiant`;
CREATE TABLE IF NOT EXISTS `etudiant` (
  `Matricule` int(4) NOT NULL,
  `Nom` varchar(255) NOT NULL,
  `Prenoms` varchar(255) NOT NULL,
  `OBS` int(1) NOT NULL DEFAULT '1',
  `Matricule_Zoky` int(5) NOT NULL DEFAULT '0',
  PRIMARY KEY (`Matricule`)
) ENGINE=MyISAM DEFAULT CHARSET=latin1;

--
-- Déchargement des données de la table `etudiant`
--

INSERT INTO `etudiant` (`Matricule`, `Nom`, `Prenoms`, `OBS`, `Matricule_Zoky`) VALUES
(2538, 'ANDRIAMANANTSOA', 'Ranto Germain', 1, 0),
(2539, 'ANDRIANOMENJANAHARY', 'Sombiniaina Felistine', 1, 0),
(2540, 'ANDRIATANTELISOA', 'Ny Ony Felicie', 1, 0),
(2541, 'ANJARAMAHAMIRANA', 'Nosoavinjanahary Sonya Julianna', 1, 0),
(2542, 'ANJARASOA', 'Tantelimamy Aimée', 1, 0),
(2543, 'FARALAHY', 'Jean Giresse', 1, 0),
(2544, 'FENOFITAHIANA', 'Onisoa Kezia', 1, 0),
(2545, 'FETIARISOA', 'Nancy Emah Marcelle', 1, 0),
(2546, 'FITAHIANA', 'Nomenjanahary Sabrina Israël', 1, 0),
(2547, 'FOMANA', 'Ratsimba Vavinirina Princia', 1, 0),
(2548, 'HERIMIADANA', 'Fitia Notoavina Aurelien', 1, 0),
(2549, 'HERINIAINA', 'Fandresena Rolland', 1, 0),
(2550, 'JAOZAFY', 'Tafita Alan Andy', 1, 0),
(2551, 'JOELINANDRASANA', 'Trimoson Nandrianina', 1, 0),
(2552, 'LIANTSOA', 'Miora Idealy', 1, 0),
(2553, 'MAMINIAINA', 'Elianne Marie Jocelyne', 1, 0),
(2554, 'MARSON', 'Ghislain Ismaël', 1, 0),
(2555, 'NJARAFITAHIANA', 'Feno Fikasana', 1, 0),
(2556, 'NOMENJANAHARY', 'Tokiniaina Paul Céléstin', 1, 0),
(2557, 'OLINIRINA', 'Mirana Stella', 1, 0),
(2558, 'RABIALAHY', 'Miisa Finoana', 1, 0),
(2559, 'RAFANOMEZANTSOA', 'Ndrosolaza', 1, 0),
(2560, 'RAHANTALALAO', 'Henrion Marie Madeleine', 1, 0),
(2561, 'RAHARIMALALA', 'Anjaranirina Véronique', 1, 0),
(2562, 'RAJAONARISOA', 'Dimbiniaina Abelino', 1, 0),
(2563, 'RAKOTOJAONA', 'Heriniaina Anthonio', 1, 0),
(2564, 'RAKOTOMAVO', 'Mariuse Hélène Eva', 1, 0),
(2565, 'RAKOTONIAINA', 'Nomeniavo Claudia Berthine', 1, 0),
(2566, 'RAKOTOZAFY', 'Fanomezantsoa Ernest', 1, 0),
(2567, 'RAKOTOZAFY', 'Riva Germain', 1, 0),
(2568, 'RALAIARIMANANA', 'Jonchon Juliot', 1, 0),
(2569, 'RALAIVAO', 'Mamy Tsilavinarijaona', 1, 0),
(2570, 'RALITERA', 'Seheno Dania Faliarivo', 1, 0),
(2571, 'RAMISAONIMALAZA', 'Rijaniaina Jean Flavien', 1, 0),
(2572, 'RANDRIANANTENAINA', 'Nirina Anasthasie Elinah', 1, 0),
(2573, 'RANDRIANARIJAONA', 'Fandeferana Kanto Arinala', 1, 0),
(2574, 'RANDRIANARIMANANA', 'Volatiana Larissa', 1, 0),
(2575, 'RANDRIANIRIJA', 'François Xavier', 1, 0),
(2576, 'RANDRIANOMENY', 'Jean François Edmé', 1, 0),
(2577, 'RASOANANTENAINA', 'Aimée Josiah', 1, 0),
(2578, 'RASOANOMENJANAHARY', 'Celinah', 1, 0),
(2579, 'RASOLONJANAHARY', 'Tanjonirina', 1, 0),
(2580, 'RATOLOTRINIAINA', 'Tantely Augustin', 1, 0),
(2581, 'RATSIMBAZAFY', 'Rijaniaina Haidary Michel', 1, 0),
(2582, 'RAVAKINIAINA', 'Andrea Larissa', 1, 0),
(2583, 'RAJAFIARIMANANA', 'Notahinjanahary Rôja', 1, 0),
(2584, 'RAZAFIMAHATRATRA', 'Paul Doï', 1, 0),
(2585, 'RAZAFIMANANTSOA', 'Santatriniaina Fidel', 1, 0),
(2586, 'RAZAFIMANJATO', 'Alson Doriche', 1, 0),
(2587, 'RAZAFINDRAKOTO', 'Tojohery Jacklin', 1, 0),
(2588, 'RAZANABOLOLONA', 'Onjatiana Marie Claire', 1, 0),
(2485, 'ANDRIAMAHERY', 'Fitahianjanahary Erica', 1, 0),
(2486, 'ANDRIAMAMPIANIRINA', 'Sylly', 1, 0),
(2487, 'ANDRIAMANANTENA', 'Martial Jany', 1, 0),
(2488, 'ANDRIAMANDIMBY', 'Hajandrainy Jean Claude', 1, 0),
(2489, 'ANDRIAMIHARIZO', 'Braian Denis', 1, 0),
(2490, 'ANDRIANARISON', 'Herdman Junior', 1, 0),
(2491, 'ANDRIANATOAVINA', 'Manampisoa Gabriel', 1, 0),
(2492, 'ANDRIMALALA', 'Voaharisoa Tanjonanirina', 1, 0),
(2493, 'ANDRINIRINA', 'Sambaniaina Dieu Donné Pascal', 1, 0),
(2494, 'ANTSAMALALA', 'Mamiarisoa Céléstina', 1, 0),
(2495, 'FANEVA', 'Olivier', 1, 0),
(2496, 'FIDERANA', 'Arisoa Luisette', 1, 0),
(2497, 'FIDERANA', 'Nomenjanahary Anicet', 1, 0),
(2498, 'FINOANA', 'Nomenjanahary Marcelline', 1, 0),
(2499, 'FITAHIANOMENTSOA', 'Olivia', 1, 0),
(2500, 'HARINASOLOMAMPIONINA', 'Anne Marie Angelah', 1, 0),
(2501, 'HASIMBOLANARIVO', 'Juditte Andrine', 1, 0),
(2502, 'HERINIAINA', 'Finoana Prisca', 1, 0),
(2503, 'HERINIAVO', 'Saloma Luc', 1, 0),
(2504, 'LAHITIANJANAHARY', 'Jean Claude', 1, 0),
(2505, 'LOVANIRINA', 'Emma Nathalie', 1, 0),
(2506, 'LOVASOAMANAMBINA', 'Santatra Mélodie Marie', 1, 0),
(2507, 'MAHADIMBISOA', 'léa Rôdéà', 1, 0),
(2508, 'MANDIMBISOA', 'Anjatiana Julienna', 1, 0),
(2509, 'MANIRISOA', 'Sebastie Landry', 1, 0),
(2510, 'NAFAFINJANAHARY', 'Nirinela Gaëlah', 1, 0),
(2511, 'NABININTSOA', 'François Ralay', 1, 0),
(2512, 'NIRINAMAMPIONONA', 'Sandra Conhor', 1, 0),
(2513, 'NOTAHINJANAHARY', 'Iharinirina Mioratiana', 1, 0),
(2514, 'NOTINIAVINDRENIBE', 'Andriamandimby Marvine Aimée Sandrà', 1, 0),
(2515, 'RAFALIMANANTSOA', 'Jacques Sylla', 1, 0),
(2516, 'RAHASIMPITIA', 'Dilane Jeanne Francica', 1, 0),
(2517, 'RAHELISOA', 'Lazanirina Mirélla', 1, 0),
(2518, 'RAKOTONIAINA', 'Andrianirina Jocelyn', 1, 0),
(2519, 'RAKOTONIRINA', 'Thierry Mihajaniaina', 1, 0),
(2520, 'RAKOTOVAO', 'Fety Nantenaina Thiery', 1, 0),
(2521, 'RALAITSINIHASY', 'Bel Assam Urthina Mohamed', 1, 0),
(2522, 'RAMANANDRAIBE', 'Zafimanantsoa Christian', 1, 0),
(2523, 'RAMIANDISOA', 'Felana Nomenjanahary Elisa', 1, 0),
(2524, 'RANAIVOSON', 'Fandresena Diamondra', 1, 0),
(2525, 'RANDRIAMPANARIVO', 'Tomboniaina Jimmy Nobin', 1, 0),
(2526, 'RANDRIANANTENAINA', 'Fanomezantsoa Louis', 1, 0),
(2527, 'RANDRIANASOAVINA', 'Fidinirina Elysé', 1, 0),
(2528, 'RANDRIANASOLO', 'Mamiarisoa Edena Miangaly', 1, 0),
(2529, 'RANDRIANTSITOHAINA', 'Rindrasoa Jean Fredson', 1, 0),
(2530, 'RANDRIANTSITOHAINA', 'Tendry', 1, 0),
(2531, 'RASAFIDIARILALA', 'Jonarison Julien', 1, 0),
(2532, 'RASENDRASOA', 'Sarobidy Marie Oliva', 1, 0),
(2533, 'RASOAMAMPIONONA', 'Lantonirina Aurelie', 1, 0),
(2534, 'RASOLONARIVO', 'Noëlson Flavien', 1, 0),
(2535, 'RAVAKINIAINA', 'Nomenjanahary Volatantely Felicia', 1, 0),
(2536, 'RAZAFINDRABAO', 'Marovavy Elisoa', 1, 0),
(2537, 'TIANJANAHARY', 'Andrianina Aimedi Michaelle', 1, 0),
(2433, 'AMBININTSOA', 'Andy Soloheriniaina', 1, 0),
(2434, 'ANDRIANANTENAINA', 'José Jean Christian', 1, 0),
(2435, 'ANDRIANIRINA', 'Judice Ericka', 1, 0),
(2436, 'ANDRIANIRINA', 'Tokiniaina Heritiana', 1, 0),
(2437, 'ANDRIATSARAFARA', 'Fitahiantsoa Elias', 1, 0),
(2438, 'ANJARAJAONA', 'Vololoniaina', 1, 0),
(2439, 'DIAVOLANAMALALA', 'Princia Karhim', 1, 0),
(2440, 'FANOMEZANIAINA', 'Murella', 1, 0),
(2441, 'FIAVOTANA', 'Nomenjanahary Julianna', 1, 0),
(2442, 'MAMINOMENJANAHARY', 'Angela', 1, 0),
(2443, 'NOMENJANAHARY', 'Maminirina Jean Christophe', 1, 0),
(2444, 'RAHANITRINIRINA', 'Hasiniaina Lovatiana', 1, 0),
(2445, 'RAHANTAMALALA', 'Helène Daniela', 1, 0),
(2446, 'RAHASINDRAIBE', 'Murray Aurelien', 1, 0),
(2447, 'RAHERINIRINA', 'Tiaray Jean Carlos', 1, 0),
(2448, 'RAKOTOARISOA', 'Solo Nirina Herizo', 1, 0),
(2449, 'RAKOTOARISON', 'Maminiaina Justin', 1, 0),
(2450, 'RAKOTONIAINA', 'Tinah Adoré', 1, 0),
(2451, 'RAKOTOZAFY', 'Joseph Gino Elysé', 1, 0),
(2452, 'RAKOTOZAFY', 'Rija Germain', 1, 0),
(2453, 'RAMANIRISOA', 'Vonjiniaina Estella', 1, 0),
(2454, 'RAMAROSANDRATANA', 'Jean Erick', 1, 0),
(2455, 'RANAIVOSON', 'Safidiniaina', 1, 0),
(2456, 'RANDRIAMBOAVONJY', 'Herinala Sarah Daniella', 1, 0),
(2457, 'RANDRIAMBOLAMENA', 'Joëlson', 1, 0),
(2458, 'RANDRIAMIFIDISOA', 'Elysé', 1, 0),
(2459, 'RANDRIANANDRASANA', 'Izaiavy Philbert', 1, 0),
(2460, 'RANDRIANANTENAINA', 'Jean Christian', 1, 0),
(2461, 'RANDRIANANTENAINA', 'Jean Fidèle', 1, 0),
(2462, 'RANDRIANANTENAINA', 'Jean Thierry', 1, 0),
(2463, 'RANDRIANOMENJANAHARY', 'Fandaminana Alfa', 1, 0),
(2464, 'RASOAMAMPIONONA', 'Marie Jeanne Michella', 1, 0),
(2465, 'RASOANANDRASANA', 'Nomenjanahary Blandine', 1, 0),
(2466, 'RASOANIRINA', 'Nomenjanahary Francine', 1, 0),
(2467, 'RASOANIRINA', 'Sendrasoa Julie', 1, 0),
(2468, 'RASOARIMAVO', 'Herimahefa Eugenie', 1, 0),
(2469, 'RASOLOMAMPIONONA', 'Maminiantra Sorange Aimée', 1, 0),
(2470, 'RASOLOANDRAIBE', 'Avotraniaina', 1, 0),
(2471, 'RASOLOANDRAIBE', 'Fredo', 1, 0),
(2472, 'RAZAFINAIMANJAKA', 'Herisoa Marcelline', 1, 0),
(2473, 'RAZAFINDRATRIMO', 'Sitrakiniaina', 1, 0),
(2474, 'RAZANAKOTO', 'Fiderana Jean Patrick', 1, 0),
(2475, 'REMBILARISOA', 'Salohy Françia', 1, 0),
(2476, 'ROJONIAINA', 'Marie Jeanne', 1, 0),
(2477, 'TAHIRINIAINA', 'Francki Ismaël', 1, 0),
(2478, 'TOLOJANAHARY', 'Fenohaja Christian', 1, 0),
(2479, 'TSARALAZA', 'Mahafaliniaina Fabien', 1, 0),
(2480, 'TSIKIVY', 'Mamisoa Tiandrainy', 1, 0),
(2481, 'VALISOA', 'Nantenaina Prisca', 1, 0),
(2482, 'VOLOLONIRINA', 'Lauria', 1, 0),
(2483, 'ZOHARITIANA', 'Fenohasina Olivier', 1, 0),
(2484, 'ZONANDRASANA', 'Emmanuellà', 1, 0),
(2380, 'ANDRIANIRIKO', 'Nambinintsoa Marie Larissa', 1, 0),
(2381, 'ANDRIANIRINA', 'Ruffin Eric', 1, 0),
(2382, 'ANDRIANONY', 'Hasinera Jarisoa Idà', 1, 0),
(2383, 'ANDRIATAHINA', 'Miaritsoa Jean Joseph', 1, 0),
(2384, 'ANDRIFANANTENANA', 'Alfa Sarobidy', 1, 0),
(2385, 'ANDRINIRINA', 'Jonah', 1, 0),
(2386, 'AREA', 'Nomenjanahary Pascaline', 1, 0),
(2387, 'FINARITRINIAINA', 'Nomenjanahary Solange', 1, 0),
(2388, 'HAINGOMALALA', 'Marie Stéphanie', 1, 0),
(2389, 'HERISAMBATRA', 'Steven Didier Manassé', 1, 0),
(2390, 'MAMITIANA', 'Fiandrianana Santa Manousia', 1, 0),
(2391, 'MANANTENASOA', 'José Arsène', 1, 0),
(2392, 'MANDA', 'Fanantenana Ornella Jacky Rose', 1, 0),
(2393, 'MANDAHARINIAINA', 'Lantohenintsoa Judith Mickaëlah', 1, 0),
(2394, 'MANDIMBINIAINA', 'Orià', 1, 0),
(2395, 'MBOLATIANA', 'Niriniaina Victorine', 1, 0),
(2396, 'MEVATSAROVANA', 'Fiononantsoa Marcella', 1, 0),
(2397, 'NAMBININTSOA', 'Sarobidy Joseph', 1, 0),
(2398, 'NIVOARISOA', 'Julia', 1, 0),
(2399, 'NOMENJANAHARY', 'Pascaline', 1, 0),
(2400, 'RABOTOVAO', 'Hery Olivier Francklyn', 1, 0),
(2401, 'RAFANOMEZANTSO', 'Lala', 1, 0),
(2402, 'RAFANOMEZANTSOA', 'Notiavina Elise', 1, 0),
(2403, 'RAHANITRINIAINA', 'Patricia', 1, 0),
(2404, 'RAHARIMANANA', 'Julio', 1, 0),
(2405, 'RASOANANDRASANA', 'Marie Claire', 1, 0),
(2406, 'RASOANIRINA', 'Tahinjanahary Florence', 1, 0),
(2407, 'RASOARIVELO', 'Marie Rosa', 1, 0),
(2408, 'RASOLONJATOVO', 'Manjatiana Sonia', 1, 0),
(2409, 'RATAFITASOA', 'Melanie', 1, 0),
(2410, 'RATSIMBAZAFY', 'Jean Claude Evariste', 1, 0),
(2411, 'RAVOARIMANANA', 'Dannie Armelle', 1, 0),
(2412, 'RAVAONASOLO', 'Sandra Marie Christinah', 1, 0),
(2413, 'RAVELOSON', 'Zomiarimanana Mbolatiana', 1, 0),
(2414, 'RAVOTRINIAINA', 'Virginie', 1, 0),
(2415, 'RAZAFIMANDIMBY', 'Jacques Eric', 1, 0),
(2416, 'RAZAFINDRAIBE', 'Jakatiana Fulgence Dôré', 1, 0),
(2417, 'RAZAFINDRAZAY', 'Fleuriot Claudinho', 1, 0),
(2418, 'REZARA', 'Mandignisoa', 1, 0),
(2419, 'ROGERSON', 'Nambinintsoa Elie', 1, 0),
(2420, 'SAFIDISOA', 'Jean Michel', 1, 0),
(2421, 'SANTATRINIAINA', 'Rojotiana Eunajia Georges Dauphin', 1, 0),
(2422, 'SOLOFONADIKALY', 'Zeritiana', 1, 0),
(2423, 'SOLONIRINA', 'Nomenjanahary Eldina', 1, 0),
(2424, 'TAFITASOA', 'Sarobidy Rosalie', 1, 0),
(2425, 'TAHIRINIRINA', 'Fleurette', 1, 0),
(2426, 'TENDRY', 'Ny Aina Loricia', 1, 0),
(2427, 'TOVONIAINA', 'Victoria Brayane', 1, 0),
(2428, 'TSARAMONINA', 'Taherah Djamilah', 1, 0),
(2429, 'TSIORY MIHAJA', 'Antsa Fandresena', 1, 0),
(2430, 'TSIRINAINA', 'Mahefasoa Idealy', 1, 0),
(2431, 'VALIMBAVAKA', 'Sarobidy Paul Alexandre', 1, 0),
(2432, 'VONJINIAIKO', 'Steavana Marie Ange', 1, 0),
(2285, 'ALIARIMINA', 'Tineh Loriscah', 1, 0),
(1971, 'ANDRIAMANJATO', 'Miaranjafy Louis', 1, 0),
(2207, 'ANDRIAMOSAMANANA', 'Faniriniaina Lucko', 1, 0),
(2287, 'ANDRIATSILANIHASY', 'Harisoa Zoelinah', 1, 0),
(2288, 'ANDRIATSILAVINA', 'Fanomezantsoa Claude', 1, 0),
(2376, 'ANJARATIANA', 'Fanomezantsoa Sendraniaina', 1, 0),
(2244, 'ANTSANIRINA', 'Niaina Marie Rosia', 1, 0),
(1979, 'BAKOLINIRINA', 'Tantely Bienvenue', 1, 0),
(2245, 'DEBION', 'Angelos Ernest Marcel', 1, 0),
(2246, 'FANASINA', 'Sarobidy Nomenjanahary Miarisoa', 1, 0),
(2099, 'FANDRESENTSOA', 'Nomenjanahary Balsam', 1, 0),
(2247, 'FETINIRINDRASOA', 'Fitahiana Josette Nathalie', 1, 0),
(2289, 'FITAHIANTSOA', 'Njaratiana Elia', 1, 0),
(2248, 'FITIAVANA', 'Thania Alice', 1, 0),
(2290, 'HAJANIAINA', 'Andriantsoa', 1, 0),
(2292, 'HARENA', 'Henintsaotra Diamondra Léonie Lalance', 1, 0),
(2250, 'HERIHAJAINA', 'Rodeo Sylvain', 1, 0),
(2251, 'HERMAN', 'Samuelson Jacquot', 1, 0),
(2293, 'IAVOTRINIRAINY', 'Nomenjanahary Céléstin', 1, 0),
(2252, 'IFELANA', 'Joue Marie Anne', 1, 0),
(2253, 'LAHINIRIKO', 'Finaritriniaina Mara Adrien', 1, 0),
(2254, 'LOVANIAINA', 'Todisoa Emilson', 1, 0),
(2295, 'MAMITIANA', 'Julio Marcello', 1, 0),
(2296, 'MAMITIANA', 'Sylvia', 1, 0),
(2297, 'MANANTENASOA', 'Midi Joelina', 1, 0),
(2255, 'MAROLAHY', 'Jean Bonaventure', 1, 0),
(2256, 'MIHARINOFY', 'Tsiresiniaina', 1, 0),
(2220, 'NASANDRATRINIAINA', 'Falihoby Francine', 1, 0),
(2258, 'NOMENJANAHARITSINJONAVALONA', 'Noëlson Claudio', 1, 0),
(2340, 'NOMENJANAHARY', 'Andy', 1, 0),
(2259, 'NOMENJANAHARY', 'Lalatiana Tojonambinina Angella', 1, 0),
(2202, 'ONIMANARIVO', 'François Jean De Dieu', 1, 0),
(2260, 'RABARISON', 'Johny Fidèle', 1, 0),
(2261, 'RAFANOMEZANTSOA', 'Hasiniaina Nirina', 1, 0),
(2262, 'RAFANOMEZANTSOA', 'Linah Voulzina Larissa', 1, 0),
(2304, 'RAHASINIRINA', 'Aina Ernestine', 1, 0),
(2377, 'RAHERINJANAHARY', 'Aimée Clotilde', 1, 0),
(1996, 'RAKOTOARIMANANA', 'Sanda Herman', 1, 0),
(2343, 'RAKOTOJAONA', 'Nomenjanahary Claudia', 1, 0),
(2310, 'RAKOTONANDRASANA', 'Raoelison Fetiniaina', 1, 0),
(2268, 'RAMAHERIVELO', 'Nirintsoa Aurelia', 1, 0),
(2312, 'RAMANGASOAVINA', 'Solomon Gilberto', 1, 0),
(2337, 'RAMBONIARIVO', 'Fitiavantsoa Noëlson Germain', 1, 0),
(2315, 'RAMPIMAHATSARA', 'Narindra Sonya', 1, 0),
(2317, 'RANDRIAMANGANIRINA', 'Notahinjanahary Félicia', 1, 0),
(2271, 'RANDRIANANDRASANA', 'Edmond', 1, 0),
(2318, 'RANDRIANANTENAINA', 'Fidson Sylvain', 1, 0),
(2231, 'RANDRIANANTENAINA', 'Hervé', 1, 0),
(2062, 'RASOAMALALA', 'Floreane', 1, 0),
(2273, 'RASOANANTENAINA', 'Roseline', 1, 0),
(2320, 'RASOANIRINA', 'Tiavomalala Emma', 1, 0),
(2005, 'RASOARILALA', 'Fitahiantsoa Marie Seilla', 1, 0),
(2275, 'RASOARIMALALA', 'Armine', 1, 0),
(2276, 'RASOLOARILALA', 'Tendry Romain', 1, 0),
(2322, 'RASOLONANDRASANA', 'Jacques Christophe', 1, 0),
(2378, 'RATINARIVELO', 'Hasina Nirina', 1, 0),
(2277, 'RATSIMBAZAFY', 'Mbola Tiana Seraphine', 1, 0),
(2232, 'RAVAKINIAINA', 'Lucie Gaële', 1, 0),
(2279, 'RAVOLOLONIAINA', 'Marie Claire', 1, 0),
(2067, 'RAZAFINDRAMANGA', 'Fanajasoa Dauphine', 1, 0),
(2280, 'RAZAINJAFY', 'Fiononana Ravakiniaina', 1, 0),
(2323, 'RAZANAMARIA', 'Tsirimpitia Lucia', 1, 0),
(2348, 'REMBILA', 'Fisatarantsoa Nomeniavo Fandresena', 1, 0),
(2324, 'RIJANIAINA', 'Lorenzo Le Steven', 1, 0),
(2281, 'ROJO', 'Rakotomanga Hasimanda', 1, 0),
(2239, 'SOANIRINA', 'Lovasoa Félicia', 1, 0),
(2283, 'SOLONJOKITINA', 'Sitrakiniavo Elmirah', 1, 0),
(2325, 'TAFITANDRAINY', 'Mamisoa Arthure', 1, 0),
(2328, 'TAMBATRINIRINA', 'Alsonia Nomenjanahary Valisoa', 1, 0),
(2330, 'TOJONIRINA', 'Samuël Joselah', 1, 0),
(2284, 'TOLOJANAHARY', 'Heriniaina Jean Michel', 1, 0),
(2371, 'ALVARESTE', 'Jhonny Hardy Eric', 1, 0),
(2206, 'ANDRIAFANIRINIAINA', 'Iangola Fitia', 1, 0),
(2241, 'ANDRIAMAHEFA', 'Finaritra Fenohery Nomenjanahary', 1, 0),
(2028, 'ANDRIAMBOAVONJY', 'Jacquelin Florent', 1, 0),
(2372, 'ANDRIAMILANJA', 'Finaritra Ny Avo Léonard', 1, 0),
(2373, 'ANDRIANANTENAINA', 'Charles Merson', 1, 0),
(2286, 'ANDRIANARISON', 'Fiononana Nicolas', 1, 0),
(2208, 'ANDRIANITOAVINA', 'Blandin Judith', 1, 0),
(2209, 'ANDRIANJATOVO', 'Jean René', 1, 0),
(2210, 'ANJARA', 'Tohipifaliana Tendrinjanahary Emmanuel', 1, 0),
(2211, 'ANJARASOA', 'Nomenjanahary Samson Mickaël', 1, 0),
(2212, 'ANJARASOA', 'Narindra Marie Sonia', 1, 0),
(2030, 'FANEVATSIORIFANIRIANA', 'Tsiavahinirina Scheilla', 1, 0),
(2213, 'FELANIAINA', 'Aimée Charline', 1, 0),
(2214, 'FITAHIANJANAHARY', 'Roselah', 1, 0),
(2215, 'HANITRINIAINA', 'Aimée Hortencia', 1, 0),
(2216, 'HANTANOMENJANAHARY', 'Lucette', 1, 0),
(2217, 'HARIMALALA', 'Santatra Fredine', 1, 0),
(2249, 'HASINDALAINA', 'Nomenjanahary Hortensia', 1, 0),
(2218, 'HENINTSOA', 'Miora Sarobidy', 1, 0),
(2294, 'MAHANDRIRAY', 'Harilaza Julio Marie Raoul', 1, 0),
(2298, 'MEVATIANA', 'Olysette', 1, 0),
(2219, 'MINO NEKENJANAHARY', 'Hortence Eklexia', 1, 0),
(2257, 'NAMBININJANAHARY', 'Thierry Emile', 1, 0),
(2374, 'NANTENAINA', 'Cécil Marie Louisette', 1, 0),
(2299, 'RABELAHY', 'Anjaniaina Flavien', 1, 0),
(2222, 'RAFALIANA', 'Mahatradraibe', 1, 0),
(2300, 'RAFANANTENANA', 'Claudine Natacha', 1, 0),
(2223, 'RAFANIRISOA', 'Josephine Lydia', 1, 0),
(2301, 'RAFANOMEZANTSOA', 'Mariah Angelinah', 1, 0),
(2224, 'RAFANOMEZANTSOA', 'Marie Jeannine', 1, 0),
(2225, 'RAFARASOA', 'Voary Nampionona Lucia', 1, 0),
(2302, 'RAHAINGONIRINA', 'Marie Augustine', 1, 0),
(2303, 'RAHARIMALALA', 'Matokisoa Léonide', 1, 0),
(2305, 'RAHELINOMENTSOA', 'Marie Claudine', 1, 0),
(2306, 'RAHERIMAMONJY', 'Andriampahefana Doré Anthonio', 1, 0),
(2263, 'RAHERINOMENJANAHARY', 'Morenot Fréderic', 1, 0),
(2307, 'RAJAOHARIMANANA', 'Onicah', 1, 0),
(2226, 'RAJAONARISOA', 'Famenoniaina Abelio', 1, 0),
(2308, 'RAKOTOARIMANANA', 'Jean Eugène', 1, 0),
(2227, 'RAKOTOARISOA', 'Fitianjanahary Elina', 1, 0),
(2344, 'RAKOTOARIVELO', 'Daniel', 1, 0),
(2309, 'RAKOTOMALALA', 'Fifaliana Tojosoa', 1, 0),
(2264, 'RAKOTOMAVO', 'Géraldo Yves', 1, 0),
(2265, 'RAKOTONDRAVELO', 'Lahiaby Ferdinand', 1, 0),
(2266, 'RAKOTONIAINA', 'Nomeniavo Ludger Hermann', 1, 0),
(2311, 'RAKOTONIRINA', 'Lahikoa Juvence', 1, 0),
(2267, 'RALAMBONIRINA', 'Diary Stevanio', 1, 0),
(2375, 'RAMALANJAONINA', 'Casimir Rolland', 1, 0),
(1998, 'RAMAMINIAINA', 'Jean Parfait', 1, 0),
(2230, 'RAMANAMPAMONJY', 'Anaël Cedric', 1, 0),
(2314, 'RAMAROSON', 'Rova', 1, 0),
(2313, 'RAMAROZATOVO', 'Fierry Elly Evenne', 1, 0),
(2316, 'RANAMANDRAINY', 'Jean René', 1, 0),
(2272, 'RANOMENJANAHARY', 'Fiderana', 1, 0),
(2321, 'RASOARISATA', 'Andrée Marie Antonia', 1, 0),
(2345, 'RATOJOVOLA', 'Prisca', 1, 0),
(2233, 'RAVELOARISON', 'Navale Hajatiana', 1, 0),
(2278, 'RAVELOSOA', 'Marie Madeleine', 1, 0),
(2234, 'RAVOAHANGINIRINA', 'Lina Marie Antoiunette', 1, 0),
(2235, 'RAZAFIMAMPIANINA', 'Onjaniaina Jeanne Scolastique', 1, 0),
(2282, 'SALOHIARISOA', 'Elisabeth', 1, 0),
(2352, 'SANTATRA', 'Voniarisoa Raïssa', 1, 0),
(2238, 'SANTATRINIAINA', 'Finaritra Marie Estella', 1, 0),
(2240, 'SOLONANDRASANA', 'Aimée Cendrà', 1, 0),
(2326, 'TAFITANIAINA', 'Natolojanahary Daniel', 1, 0),
(2332, 'TSIRINANDRASANA', 'Mbolatiana Céléstinà', 1, 0),
(2333, 'ZAFINDRAMANGA', 'Lantosoa Evà', 1, 0),
(2334, 'ZAFINDRAVONY', 'Nanavotriniaina Marie Zenaïde', 1, 0),
(1970, 'ANDRIAMAHERY', 'Ando Marià', 1, 0),
(2089, 'ANDRIAMALAZA', 'Chris Tinah', 1, 0),
(2035, 'ANDRIAMPARANIAINA', 'Jean Luc', 1, 0),
(2093, 'ANDRIANIRINA', 'Nomenjanahary Elien', 1, 0),
(1975, 'ANDRIANIRINANAMBININTSOA', 'Marie Jeannette', 1, 0),
(1977, 'ANDRIANOMENJANAHARY', 'Antsa Ny Aina', 1, 0),
(1978, 'AVOTRINIAINA', 'Fitahianjanahary Lydia', 1, 0),
(2183, 'ELISOA', 'Tahinjanahary Florentine', 1, 0),
(1981, 'FALINOMENJANAHARY', 'Lovasoa', 1, 0),
(2098, 'FANDRESENA', 'Louis Daunah', 1, 0),
(2031, 'FANILOTSOA', 'Julia', 1, 0),
(2036, 'FITAHIATSOA', 'Hery Zo François', 1, 0),
(2042, 'HERINIAINA', 'Nambinintsoa Marie Caroline', 1, 0),
(2043, 'HONORIA', 'Madeleine Prisca', 1, 0),
(2105, 'MAMISATA', 'Olive Gita', 1, 0),
(2049, 'NIRINASOA', 'Tinamalala Patricia', 1, 0),
(2050, 'NIVOHENINTSOA', 'Anita', 1, 0),
(2379, 'NOMENJANAHARY', 'Fandeferana Estelle', 1, 0),
(2370, 'RAFANJANIAINA', 'Aimée Marie Véronique', 1, 0),
(2110, 'RAFARANJATOVO', 'Anjaraniaina Missa', 1, 0),
(1994, 'RAHAINGONIRINA', 'Marie Laurence', 1, 0),
(1997, 'RAMAINTY', 'Zafimamy Marcelline', 1, 0),
(2191, 'RAMANANJOELINA', 'Nantenaina Lucie', 1, 0),
(2121, 'RAMIHANTARISOA', 'Sahobiniaina Julie Monia', 1, 0),
(2192, 'RANDRIAMAMPIONONA', 'Ianjatiana Stanislas', 1, 0),
(1870, 'RANDRIAMAROVAHOAKA', 'Julien Anicet', 1, 0),
(2193, 'RANDRIAMIHAJA', 'Justin Breyllan', 1, 0),
(2126, 'RANDRIANARIVELO', 'Yves Bertrand', 1, 0),
(2060, 'RANDRIANASOLO', 'Jean Morenond', 1, 0),
(2003, 'RANOMENJANAHARY', 'Vavisoa Lydie Clotilde', 1, 0),
(2194, 'RASOAMIARINARIVO', 'Tahiriniaina Marissa', 1, 0),
(2196, 'RASOANANDRASANA', 'Emillienne Alphonsine', 1, 0),
(2131, 'RASOARISOA', 'Hanitriniaina Solange', 1, 0),
(2197, 'RASOLOFONJATOVO', 'Safidy Ambinintsoa Elysa', 1, 0),
(2135, 'RAVAOARISOA', 'Tania Sentoniaina', 1, 0),
(2066, 'RAVAONJANAHARY', 'Narindra Aimée Roseline', 1, 0),
(2008, 'RAZAFIARISON', 'José Kenny', 1, 0),
(2009, 'RAZAFIMAHATRATRA', 'Martin', 1, 0),
(2199, 'RAZAFINDRAFARA', 'Marie Jeanne', 1, 0),
(2200, 'RAZAFINDRANARY', 'Tsiory Clovis', 1, 0),
(1885, 'RAZAFINOME', 'Sitraka Olivia', 1, 0),
(2072, 'RAZANABOLOLONIAINA', 'Marie Chantale', 1, 0),
(2073, 'RAZANADRAONY', 'Claudine Bien Venue', 1, 0),
(2013, 'RAZANANTSOA', 'Fanevanirina Nacia', 1, 0),
(2075, 'REMANEVA', 'Nicole', 1, 0),
(2076, 'RODENA', 'Solomampiandra Dieu Donne', 1, 0),
(2014, 'ROJONIRINA', 'Flavienne', 1, 0),
(2145, 'SOAFARANIRINA', 'Judith Marcella', 1, 0),
(2023, 'TOJONIAINA', 'Marie Florentine', 1, 0),
(2086, 'TSIVATOA', 'Julien Robustin', 1, 0),
(2087, 'VOLOLONIAINA', 'Jéssica Orniella', 1, 0),
(2026, 'ANDRIAMANAMPY', 'Aimé Lys', 1, 0),
(2027, 'ANDRIAMANDIMBY', 'Nomenjanahary Samuêlson', 1, 0),
(1973, 'ANDRIANARISOA', 'Tahinjanahary Josephine', 1, 0),
(2091, 'ANDRIANARIVELO', 'Odilon Wenceslas', 1, 0),
(2092, 'ANDRIANASOLONONJA', 'Livaniaina Noël', 1, 0),
(2363, 'ANDRIANJANAHARY', 'Finoana Tsivery', 1, 0),
(2032, 'RAFANOMEZANJANAHARY', 'Miora Sarobidy', 1, 0),
(2037, 'HAINGONIRINA', 'Safidinirainy Ernestine', 1, 0),
(1986, 'HANITRANDRIANAMIORA', 'Sarobidy Ronaldine', 1, 0),
(2040, 'HASINIRINA', 'Vatosoa Larissa', 1, 0),
(2045, 'KAJY', 'Rima', 1, 0),
(2104, 'LOVASOANOMENJANAHARY', 'Marie Françoise', 1, 0),
(1745, 'MAMINDRAINY', 'Marie Romualdine', 1, 0),
(2046, 'MAMINDRAINY', 'Rakotonirina Tony Finiavana Manjato', 1, 0),
(1988, 'MANEVAROVA', 'Elisa', 1, 0),
(2048, 'MISAOTRA ANAO', 'Ragnandriasandratra Abeline', 1, 0),
(2153, 'NIRINIAINA', 'Hasinomenjanahary Felicia Michelle', 1, 0),
(2364, 'NIRINIAINA', 'Maryanne', 1, 0),
(2051, 'NOMENJANAHARY', 'Patricia', 1, 0),
(2187, 'ONJANIRINA', 'Aymar Sylvester', 1, 0),
(2108, 'RABEARIMALALA', 'Andrifanambinina Tojoherimamy', 1, 0),
(2054, 'RAFANOMEZANTSOA', 'Andriniaina Fabien', 1, 0),
(2055, 'RAFENOHERY', 'Tahinjanahary Charles Eugène', 1, 0),
(2365, 'RAHARSON', 'Nomenjanahary Christian', 1, 0),
(2189, 'RAKOTONIRINA', 'Sendrasoa Clairette', 1, 0),
(2190, 'RALAINARIVO', 'Adolphe Marcellin', 1, 0),
(2057, 'RAMANOELSON', 'Nantenaina El Jonathania', 1, 0),
(2058, 'RANDRIAMALALA', 'Sarobidy Nirina Jean Emile', 1, 0),
(2366, 'RANDRIANANTENAINA', 'Jean Emile', 1, 0),
(2059, 'RANDRIANANTENAINA', 'Mamifitiavana Tania', 1, 0),
(2128, 'RANIAINA', 'Finoana Lari Toni', 1, 0),
(2129, 'RASOAMAMPIONONA', 'Lantonirina Marinà', 1, 0),
(2065, 'RATOVONIRINA', 'Sandra Valerine', 1, 0),
(2007, 'RATSIAVAHANIONY', 'Jacques Silla', 1, 0),
(2010, 'RAZAFIMANANTSOA', 'Vololomalala Mbolatiana Justine', 1, 0),
(2138, 'RAZAFINDRANORO', 'Bakomalala Larissa Virzinie', 1, 0),
(2068, 'RAZAFINDRASOA', 'Florine', 1, 0),
(2012, 'RAZAFINDRATSARA', 'Mamitiana Claudia', 1, 0),
(2205, 'RAZAFINDRAZAKA', 'Nomenjanahary Alberthine Elisa', 1, 0),
(2069, 'RAZAFINDRAZANATERA', 'Pelaniriko Bernadette', 1, 0),
(2077, 'SAMBANDRAINY', 'Mamiarisoa Julia', 1, 0),
(2020, 'SITRAKINIAINA', 'Nomenjanahary Francis', 1, 0),
(2080, 'TAHINJANAHARY', 'Maminirintsoa Nihelia', 1, 0),
(2082, 'TANTELINIRINA', 'Manitra Sylvie', 1, 0),
(2083, 'TANTELY', 'Fenoavotra Fleur Adelle Tride', 1, 0),
(2367, 'TOLOJANAHARY', 'Aurelie Zoé Lydia', 1, 0),
(2368, 'TONIARITOKY', 'Nomenjanahary Rinah', 1, 0),
(2369, 'TSIRESIMANA', 'Alfred', 1, 0),
(2152, 'ZAFINDRASALAMA', 'Mbolatina Juslin', 1, 0),
(2181, 'ANDOSOANIRINA', 'Finoantsoa Julianah', 1, 0),
(2088, 'ANDRIAMAHERY', 'Fideranjanahary Adolphe', 1, 0),
(2090, 'ANDRIAMBOLOLONARIVO', 'Felicien William', 1, 0),
(2029, 'ANDRIANANDRASANA', 'Koloinjanahary Valimbavaka', 1, 0),
(2095, 'ANDRIANOME', 'Herimandimby Jean Fidèle', 1, 0),
(2096, 'FANAMBINANTSOA', 'Rosinah Aimée Sandra', 1, 0),
(2100, 'FANEVANIRINA', 'Arckangelo Jean Josephat', 1, 0),
(2184, 'FANO', 'Jean Michel', 1, 0),
(2033, 'FELANIAINA', 'Nomenjanahary Patricia', 1, 0),
(2101, 'FETRANTSOA', 'Rominah Aimée Alfridah', 1, 0),
(1984, 'FIARETANTSAO', 'Narinala Laary', 1, 0),
(2102, 'FITIA SAROBIDY', 'Adelaïde Euphrasie', 1, 0),
(2038, 'HANITRINIAINA', 'Marie Olivia', 1, 0),
(2039, 'HASINIAINA', 'Roland Rodrigue', 1, 0),
(2041, 'HERINIRINA', 'Marie Ange Thérèse', 1, 0),
(2116, 'NJAKA', 'Rakotonirina Roger', 1, 0),
(2106, 'NOMENJANAHARY', 'Sandaniriko Sunnya', 1, 0),
(2107, 'NOMENJANAHARY', 'Sitrakiniaina Josephine', 1, 0),
(2052, 'RABENANDRASANA', 'Jean Charles', 1, 0),
(1993, 'RAFANIRY', 'Nomenjanahary Cristine', 1, 0),
(2109, 'RAFANOMEZANJANAHARY', 'Mamitiana Kenny', 1, 0),
(2111, 'RAFARAVOLA', 'Esther Andréasse', 1, 0),
(2113, 'RAHERIMAMONJY', 'Fenohasina Henri Fredioth', 1, 0),
(2114, 'RAKOTOARINIRINTSOA', 'Aldah', 1, 0),
(2115, 'RAKOTOMAVO', 'Mevasoanirina Fleure Marie Julia', 1, 0),
(2118, 'RALISON', 'Mario Euphraïm', 1, 0),
(2119, 'RAMALALAHARIJAONA', 'Rindraniaina Roselima', 1, 0),
(2120, 'RAMAROLAHY', 'Hanitriniaina Olivia', 1, 0),
(2122, 'RAMPINAIMALAZA', 'Nomenjanahary Marie Nacia', 1, 0),
(2123, 'RANDRIAMIHAJA', 'Paul Anthony', 1, 0),
(2125, 'RANDRIANANDRASANA', 'Lucien Jean Claude', 1, 0),
(2127, 'RANDRIANIAINA', 'Nomeniavo Nampoina', 1, 0),
(2195, 'RASOANAMBININA', 'Ernestine', 1, 0),
(2063, 'RASOANANTENAINA', 'Judica Marie Christine', 1, 0),
(2132, 'RASOLONDRAIBE', 'Nomenjanahary Finiavana', 1, 0),
(2203, 'RASOLONJATOVO', 'Nirintsoa Miarana', 1, 0),
(2133, 'RATOLOJANAHARY', 'Mamitiana Augustin', 1, 0),
(2134, 'RATOLOJANAHARY', 'Toussaint Toky', 1, 0),
(2064, 'RATOLOTRANJARA', 'Nomenjanahary Noéla Véronique', 1, 0),
(2204, 'RAVONIARISOA', 'Fenomanana Harys', 1, 0),
(2136, 'RAZAFIMIRANA', 'Marthe', 1, 0),
(2137, 'RAZAFINDRAMANGA', 'Iasy Vahy Iloniaina', 1, 0),
(2139, 'RAZAFINDRASAMY', 'Prisca Angela', 1, 0),
(2141, 'RAZAFINDRATRIMO', 'Hanitramalala Volasoa', 1, 0),
(2074, 'RAZAZAROMAMY', 'Andriamandimby Samueline', 1, 0),
(2016, 'SAFIDINJANAHARY', 'Ferdinand', 1, 0),
(2143, 'SENDRAMIARINA', 'Hasinirina Marie Josia', 1, 0),
(2144, 'SEVA', 'Andriantsiferanarivo', 1, 0),
(2081, 'TANJONIRINA', 'Nomenjanahary Jean Rosette', 1, 0),
(2146, 'TENDRIARIMANANA', 'Olivier', 1, 0),
(2021, 'THIERRY', 'Herman Patrick', 1, 0),
(2022, 'TIANJANAHARY', 'Tantara Philbert', 1, 0),
(2084, 'TODISOA', 'Joëlson Eric', 1, 0),
(2148, 'TOVONIRINA', 'Michel', 1, 0),
(2149, 'VOLOLONIRINA', 'Jeanne Paulette', 1, 0),
(2150, 'VONIFENO', 'Rosela', 1, 0),
(2151, 'VONJINIAINA', 'Olivia', 1, 0);

-- --------------------------------------------------------

--
-- Structure de la table `inscription`
--

DROP TABLE IF EXISTS `inscription`;
CREATE TABLE IF NOT EXISTS `inscription` (
  `Matricule` int(4) NOT NULL,
  `id_AS` int(2) NOT NULL,
  `id_N` int(1) NOT NULL,
  `Date_Insc` date NOT NULL,
  `Ancien` enum('true','false') NOT NULL,
  PRIMARY KEY (`Matricule`,`id_AS`,`id_N`)
) ENGINE=MyISAM DEFAULT CHARSET=latin1;

-- --------------------------------------------------------

--
-- Structure de la table `login`
--

DROP TABLE IF EXISTS `login`;
CREATE TABLE IF NOT EXISTS `login` (
  `id` int(1) NOT NULL AUTO_INCREMENT,
  `username` varchar(255) NOT NULL,
  `password` varchar(255) NOT NULL,
  PRIMARY KEY (`id`)
) ENGINE=MyISAM AUTO_INCREMENT=3 DEFAULT CHARSET=latin1;

--
-- Déchargement des données de la table `login`
--

INSERT INTO `login` (`id`, `username`, `password`) VALUES
(1, 'Marius', '1841dfc8bbfb2e2c513a99b83b1f14df'),
(2, 'St Joseph', '44c3d38a033d1fcb04d097ba4c36f2de');

-- --------------------------------------------------------

--
-- Structure de la table `niveau`
--

DROP TABLE IF EXISTS `niveau`;
CREATE TABLE IF NOT EXISTS `niveau` (
  `Id_Niv` int(1) NOT NULL AUTO_INCREMENT,
  `Label_N` varchar(100) NOT NULL,
  `Frais` double(7,2) NOT NULL,
  PRIMARY KEY (`Id_Niv`)
) ENGINE=MyISAM AUTO_INCREMENT=4 DEFAULT CHARSET=latin1;

--
-- Déchargement des données de la table `niveau`
--

INSERT INTO `niveau` (`Id_Niv`, `Label_N`, `Frais`) VALUES
(1, 'Seconde', 16000.00),
(2, 'Premiere', 17000.00),
(3, 'Terminale', 18000.00);

-- --------------------------------------------------------

--
-- Structure de la table `obs`
--

DROP TABLE IF EXISTS `obs`;
CREATE TABLE IF NOT EXISTS `obs` (
  `id_Obs` int(1) NOT NULL AUTO_INCREMENT,
  `label` varchar(30) NOT NULL,
  PRIMARY KEY (`id_Obs`)
) ENGINE=MyISAM AUTO_INCREMENT=4 DEFAULT CHARSET=latin1;

--
-- Déchargement des données de la table `obs`
--

INSERT INTO `obs` (`id_Obs`, `label`) VALUES
(1, 'Tsotra'),
(2, 'Zanaka Katekista'),
(3, 'Zanaka Mpampianatra');

-- --------------------------------------------------------

--
-- Structure de la table `payer`
--

DROP TABLE IF EXISTS `payer`;
CREATE TABLE IF NOT EXISTS `payer` (
  `Matricule` int(4) NOT NULL,
  `id_AS` int(2) NOT NULL,
  `id_Eco` int(2) NOT NULL,
  `Date_paiment` date NOT NULL,
  PRIMARY KEY (`Matricule`,`id_AS`,`id_Eco`)
) ENGINE=MyISAM DEFAULT CHARSET=latin1;

-- --------------------------------------------------------

--
-- Structure de la table `payercs`
--

DROP TABLE IF EXISTS `payercs`;
CREATE TABLE IF NOT EXISTS `payercs` (
  `id` int(11) NOT NULL AUTO_INCREMENT,
  `id_Autre` int(11) NOT NULL,
  `id_AS` int(11) NOT NULL,
  `Num_Matr` int(11) NOT NULL,
  `Date_P` date NOT NULL,
  PRIMARY KEY (`id`)
) ENGINE=MyISAM AUTO_INCREMENT=90 DEFAULT CHARSET=latin1;
COMMIT;

/*!40101 SET CHARACTER_SET_CLIENT=@OLD_CHARACTER_SET_CLIENT */;
/*!40101 SET CHARACTER_SET_RESULTS=@OLD_CHARACTER_SET_RESULTS */;
/*!40101 SET COLLATION_CONNECTION=@OLD_COLLATION_CONNECTION */;
